image,label
plate1.png,09KG585D
plate2.png,01KG520AFS
plate3.png,03KG695ACY
plate4.png,04KG607AHZ
plate5.png,01KG790ANE
plate6.png,09KG395AAD
plate7.png,05KG142AAW
plate8.png,9078BC
plate9.png,5413BB
plate10.png,01KG631AKT
plate11.png,01KG361ADZ
plate12.png,03KG539ACZ
plate13.png,01KG433AGP
plate14.png,01KG161ADQ
plate15.png,07KG392ACB
plate16.png,03KG203ACV
plate17.png,08KG578AFH
plate18.png,08KG716AAN
plate19.png,01KG635ADM
plate20.png,09KG613AEA
plate21.png,04KG190AGC
plate22.png,06KG583AIV
plate23.png,08KG658AJG
plate24.png,03KG472ADK
plate25.png,S6931AL
plate26.png,01KG924AFP
plate27.png,08KG162AJA
plate28.png,01KG685AD
plate29.png,04KG947AGW
plate30.png,06KG474ABC
plate31.png,04KG251AFJ
plate32.png,05KG894ABN
plate33.png,04KG840AFR
plate34.png,05KG883ALG
plate35.png,08KG727ACM
plate36.png,09KG956AAR
plate37.png,08KG041AAR
plate38.png,08KG008GGB
plate39.png,01KG502AGF
plate40.png,08KG254ALM
plate41.png,01KG685ANI
plate42.png,S1175AN
plate43.png,03KG973ACZ
plate44.png,01KG066AIS
plate45.png,06KG578AIZ
plate46.png,04KG472ACD
plate47.png,07KG193ABU
plate48.png,01KG322AIN
plate49.png,01KG799AIM
plate50.png,08KG585ABN
plate51.png,B5734AS
plate52.png,01KG5061H
plate53.png,08156ALT
plate54.png,01KG017AJN
plate55.png,B6425AC
plate56.png,04KG243AHF
plate57.png,06KG702AEW
plate58.png,B9786AX
plate59.png,07KG641ACC
plate60.png,04KG708AEH
plate61.png,B4979AY
plate62.png,01KG893AKF
plate63.png,01KG766AJU
plate64.png,08KG519ADI
plate65.png,01KG183AHE
plate66.png,01KG485ABT
plate67.png,08KG826AFJ
plate68.png,08KG662AA
plate69.png,01KG202AIC
plate70.png,06KG839AGM
plate71.png,07KG091AAD
plate72.png,E8923B
plate73.png,06KG778AFB
plate74.png,06KG868ABI
plate75.png,01KG121AEB
plate76.png,01KG818ABU
plate77.png,B8000AS
plate78.png,05KG254ABS
plate79.png,01KG423AKR
plate80.png,05KG231ABZ
plate81.png,04KG577AGZ
plate82.png,09KG028AEC
plate83.png,05KG117ABW
plate84.png,01KG441ADB
plate85.png,09KG590AAX
plate86.png,B8355AI
plate87.png,03KG445AAF
plate88.png,05KG236ACA
plate89.png,01KG557AIV
plate90.png,05KG875ABD
plate91.png,09KG385AAE
plate92.png,01KG579AH
plate93.png,09KG571ADH
plate94.png,05KG810ABB
plate95.png,S3639AE
plate96.png,01KG4124M
plate97.png,B6410AT
plate98.png,08KG787ACG
plate99.png,01KG108AEF
plate100.png,08KG429AJF
plate101.png,S8312L
plate102.png,01KG476AEA
plate103.png,01KG863AKY
plate104.png,08KG829AHY
plate105.png,03KG287ADP
plate106.png,08KG813ALC
plate107.png,08KG412ALP
plate108.png,09KG529ACW
plate109.png,01KG175ADO
plate110.png,08KG280AGA
plate111.png,S5684N
plate112.png,01KG934AAY
plate113.png,01KG003ADG
plate114.png,08KG593ALQ
plate115.png,01KG880AGV
plate116.png,01KG001BTC
plate117.png,B0300AE
plate118.png,04KG151AAO
plate119.png,01KG248ALD
plate120.png,08KG055AFS
plate121.png,09KG479ADR
plate122.png,05KG851ABR
plate123.png,08KG786AJM
plate124.png,01KG665ALW
plate125.png,08KG535AAK
plate126.png,08KG182ACQ
plate127.png,01KG070HYP
plate128.png,01KG582ANC
plate129.png,01KG017ALL
plate130.png,01KG642AKD
plate131.png,01KG670AFS
plate132.png,01KG154ALY
plate133.png,01KG036AIT
plate134.png,S3258AE
plate135.png,08KG603ALM
plate136.png,07KG184ACB
plate137.png,01KG801AGL
plate138.png,01KG2073M
plate139.png,B9422AP
plate140.png,06KG010ABE
plate141.png,01KG767AFO
plate142.png,04KG981AGF
plate143.png,S7867AX
plate144.png,07KG304ACD
plate145.png,01KG712ALR
plate146.png,08KG479AGV
plate147.png,08KG520ALR
plate148.png,04KG810AGQ
plate149.png,04KG046AGZ
plate150.png,01KG018AHU
plate151.png,S8388AZ
plate152.png,01KG894AEP
plate153.png,01001MSC
plate154.png,01KG992AIZ
plate155.png,01KG764ALA
plate156.png,01KG001KKA
plate157.png,B9517AA
plate158.png,08KG198ALN
plate159.png,01KG419AF
plate160.png,01KG880JAN
plate161.png,S6583AI
plate162.png,08KG899AKF
plate163.png,01KG564ALS
plate164.png,08KG088ADG
plate165.png,08KG883ALG
plate166.png,09KG008ABA
plate167.png,08KG759AHD
plate168.png,05KG112ABN
plate169.png,08KG502AKM
plate170.png,04KG016AGB
plate171.png,05KG745ABZ
plate172.png,08KG158AGX
plate173.png,08KG498AIO
plate174.png,08KG632AAK
plate175.png,S0006AZ
plate176.png,08KG966AHF
plate177.png,08KG879AKF
plate178.png,01KG523ALY
plate179.png,01KG794AJR
plate180.png,08KG025AHQ
plate181.png,08KG467ALD
plate182.png,09KG745ABY
plate183.png,08KG186ALU
plate184.png,B0764AR
plate185.png,S3545AS
plate186.png,04KG954ADC
plate187.png,05KG780ABX
plate188.png,05KG914AAK
plate189.png,08KG071AJQ
plate190.png,08KG184AAW
plate191.png,08KG113AIH
plate192.png,T5500T
plate193.png,08KG150AKK
plate194.png,08KG754ABE
plate195.png,01KG670AAT
plate196.png,01KG902ANI
plate197.png,01KG006ABN
plate198.png,01KG645AIW
plate199.png,01KG593AJG
plate200.png,S4677AZ
plate201.png,05KG174ABL
plate202.png,E1881C
plate203.png,03KG316ACY
plate204.png,B9964AF
plate205.png,S2228AB
plate206.png,01KG553AAC
plate207.png,07KG584ABZ
plate208.png,01KG290AND
plate209.png,08KG015ACB
plate210.png,01KG5061M
plate211.png,01KG430AIR
plate21.png,08KG054AKQ
plate213.png,01KG632AEX
plate214.png,01KG181ABJ
plate215.png,06KG874AHB
plate216.png,01KG325ALZ
plate217.png,08KG934AGW
plate218.png,05KG505JOM
plate219.png,03KG092AAT
plate220.png,02KG870ACE
plate221.png,01KG384AJK
plate222.png,04KG097AGF
plate223.png,01KG512ALL
plate224.png,S1657AC
plate225.png,08KG683AJX
plate226.png,08KG832AHX
plate227.png,04KG804ADL
plate228.png,08KG468AKA
plate229.png,04KG386AHF
plate230.png,04KG892AGX
plate231.png,01KG677AFF
plate232.png,01KG223AH
plate233.png,01KG152ALO
plate234.png,B1600AZ
plate235.png,05KG360ABY
plate236.png,01KG905AKH
plate237.png,04KG967ACX
plate238.png,08KG982AEO
plate239.png,S3671F
plate240.png,03KG032ADK
plate241.png,04KG243AHF
plate242.png,S8312L
plate243.png,01KG561AFP
plate244.png,02KG778ABB
plate245.png,08KG773AGS
plate246.png,03KG484AAA
plate247.png,01KG782ALE
plate248.png,08KG108AIX
plate249.png,05KG541ACB
plate250.png,08KG926AGZ
plate251.png,08KG855AAI
plate252.png,08KG253AAZ
plate253.png,08KG549ALS
plate254.png,08KG036AEH
plate255.png,08KG019ADT
plate256.png,08KG573AHW
plate257.png,08KG879AKF
plate258.png,B0764AR
plate259.png,01KG3837M
plate260.png,01KG270ANE
plate261.png,01KG104ADV
plate262.png,01KG070HYP
plate263.png,B5000AP
plate264.png,04KG530AGB
plate265.png,08KG530AKX
plate266.png,1023BD
plate267.png,08KG360AKX
plate268.png,08KG062AJP
plate269.png,04KG770AC
plate270.png,06KG128AJF
plate271.png,04KG854AEW
plate272.png,04KG934AFH
plate273.png,01KG5512M
plate274.png,01KG700ADT
plate275.png,01KG679AKR
plate276.png,04KG119AHI
plate277.png,01KG048ALA
plate278.png,01KG022AFF
plate279.png,08KG302ALI
plate280.png,08KG470ABU
plate281.png,01KG767AFO
plate282.png,01KG434ABH
plate283.png,01KG001CIP
plate284.png,09KG018ADY
plate285.png,06KG255AIQ
plate286.png,01KG646ACP
plate287.png,01KG895ABV
plate288.png,B03300AE
plate289.png,09KG972ADR
plate290.png,01KG064AKL
plate291.png,01KG808BDB
plate292.png,01KG593AKM
plate293.png,01KG220ACW
plate294.png,08KG105AKG
plate295.png,08KG699AFW
plate296.png,08KG505AFI
plate297.png,08KG459AIL
plate298.png,08KG962AIK
plate299.png,09KG855ADO
plate300.png,08KG679AKB
plate301.png,08KG377AKF
plate302.png,08KG108AJE
plate303.png,S3639AE
plate304.png,09KG192AD
plate305.png,01KG904ABN
plate306.png,05KG984ACC
plate307.png,S0115AQ
plate308.png,2952SA
plate309.png,08KG938ALA
plate310.png,08KG183AFA
plate311.png,08KG186AHG
plate312.png,04KG628AEZ
plate313.png,08KG720ACX
plate314.png,09KG267ABV
plate315.png,01KG862AEA
plate316.png,01KG554AAW
plate317.png,01KG488AKY
plate318.png,08KG358AAE
plate319.png,09KG451ABO
plate320.png,09KG589ADU
plate321.png,08KG630AHR
plate322.png,09KG622AAD
plate323.png,01KG482AKA
plate324.png,08KG477AIA
plate325.png,08KG084AGD
plate326.png,08KG509AJM
plate327.png,S1374AL
plate328.png,08KG867AJB
plate329.png,07KG216ABI
plate330.png,08KG492AJI
plate331.png,01KG251ANG
plate332.png,08KG111ALI
plate333.png,08KG332AFN
plate334.png,01KG728ALY
plate335.png,02KG224AAN
plate336.png,01KG007KGS
plate337.png,08KG218AHL
plate338.png,01KG414AN
plate339.png,08KG197ACY
plate340.png,08KG640AIX
plate341.png,01KG641ANG
plate342.png,08KG630ABN
plate343.png,01KG121AEB
plate344.png,B5113Q
plate345.png,01KG085AIB
plate346.png,09KG158AD
plate347.png,08KG475AGX
plate348.png,08KG214AGI
plate349.png,01KG5659M
plate350.png,01KG774VIP
plate351.png,04KG422AFJ
plate352.png,04KG406AGF
plate353.png,01KG358ANF
plate354.png,08KG027ACD
plate355.png,08KG045ALS
plate356.png,08KG254ALG
plate357.png,08KG302ALM
plate358.png,08KG620AKK
plate359.png,09KG467AKG
plate360.png,S7353O
plate361.png,02472AX
plate362.png,08KG977AHY
plate363.png,01KG624AEX
plate364.png,01KG575ACI
plate365.png,01KG5585
plate366.png,08KG793AEJ
plate367.png,04KG585AAW
plate368.png,09KG773AAT
plate369.png,01KG915ALW
plate370.png,01KG587ACS
plate371.png,S8864AL
plate372.png,01KG534AGE
plate373.png,01KG918AHS
plate374.png,08KG691AHE
plate375.png,01KG960ALS
plate376.png,04KG772AGQ
plate377.png,04KG045AEJ
plate378.png,03KG556ABJ
plate379.png,02KG200AAG
plate380.png,04KG066ACM
plate381.png,08KG956AJC
plate382.png,06KG689AHP
plate383.png,B3435AD
plate384.png,01KG769AHZ
plate385.png,06KG329AJE
plate386.png,01KG073ADI
plate387.png,04KG831AEN
plate388.png,08KG442ALQ
plate389.png,03KG430ACJ
plate390.png,01KG364ALZ
plate391.png,02KG541AAB
plate392.png,04KG630AGZ
plate393.png,02KG286ADV
plate394.png,02KG471ACO
plate395.png,01KG059AGO
plate396.png,06KG791AAH
plate397.png,08KG118AKF
plate398.png,05KG443ACC
plate399.png,S2961AN
plate400.png,09KG612AEC
plate401.png,B1427AY
plate402.png,S0961AX
plate403.png,08KG557AIP
plate404.png,S7021AI
plate405.png,01KG440AGX
plate406.png,05KG903ABX
plate407.png,01KG766ABY
plate408.png,05KG871ABE
plate409.png,08KG773AAP
plate410.png,01KG041AKZ
plate411.png,08KG169AFS
plate412.png,08KG461AIV
plate413.png,B0002AR
plate414.png,S5376AC
plate415.png,05KG274AAS
plate416.png,08KG299ABF
plate417.png,08KG387AKM
plate418.png,06KG519AIP
plate419.png,08KG699ABX
plate420.png,01KG992ALY
plate421.png,08KG088CEO
plate422.png,B1580AU
plate423.png,01KG154AHG
plate424.png,01KG792AAY
plate425.png,01KG722ALP
plate426.png,B1511F
plate427.png,01KG074AKH
plate428.png,08KG117ALX
plate429.png,09KG906ABN
plate430.png,08KG309ALI
plate431.png,08KG054AJU
plate432.png,01KG732AIT
plate433.png,04KG778AGO
plate434.png,04KG998ACS
plate435.png,01KG055ADW
plate436.png,01KG367AGC
plate437.png,01KG560AHU
plate438.png,08KG703AHR
plate439.png,01KG707AG
plate440.png,02KG102ABG
plate441.png,09KG650ACU
plate442.png,04KG715ACL
plate443.png,06KG684ABW
plate444.png,04KG217AGE
plate445.png,D1097E
plate446.png,08KG080XXX
plate447.png,08KG157AHG
plate448.png,S7445AK
plate449.png,01KG504AHL
plate450.png,01KG778AIN
plate451.png,08KG680AGY
plate452.png,08KG263AB
plate453.png,08KG514AJE
plate454.png,01KG043AJH
plate455.png,04KG602AFR
plate456.png,01KG849AHI
plate457.png,13877AB
plate458.png,01KG722AHV
plate459.png,05KG637ABF
plate460.png,01KG040ABY
plate461.png,01KG862ALU
plate462.png,03KG545AAJ
plate463.png,T9803D
plate464.png,01KG702ABC
plate465.png,09KG365ADU
plate466.png,E7183A
plate467.png,09KG279ADT
plate468.png,B7208AG
plate469.png,01KG810ADE
plate470.png,01KG573AGK
plate471.png,01KG555AJ
plate472.png,01KG609AIR
plate473.png,05KG342ABN
plate474.png,09KG004ABA
plate475.png,08KG502ALI
plate476.png,08KG690ALP
plate477.png,08KG564ABY
plate478.png,01KG757KGZ
plate479.png,01KG771AIN
plate480.png,01KG549ANJ
plate481.png,KGBH02520
plate482.png,B6575AP
plate483.png,08KG426ABU
plate484.png,06KG746ADU
plate485.png,B0079BB
plate486.png,08KG367AHL
plate487.png,04KG561ACR
plate488.png,02KG704ADW
plate489.png,04KG311ABR
plate490.png,07KG927AAG
plate491.png,03KG452ACD
plate492.png,01KG306ABG
plate493.png,D0423E
plate494.png,06KG505VOL
plate495.png,05KG996ACB
plate496.png,06KG021AGL
plate497.png,06KG977AHK
plate498.png,04KG045AFI
plate499.png,01KG189AIK
plate500.png,09KG231ACX
plate501.png,B0595AN
plate502.png,08KG035AER
plate503.png,08KG599AHR
plate504.png,01KG141AFV
plate505.png,01KG587AJA
plate506.png,B9999AZ
plate507.png,01KG226AAZ
plate508.png,S6566V
plate509.png,03KG117ADL
plate510.png,09KG266AEC
plate511.png,01KG5505M
plate512.png,01KG511AHD
plate513.png,01KG771MOI
plate514.png,1775BAH
plate515.png,01KG554AKI
plate516.png,01KG789ANF
plate517.png,01KG174ALL
plate518.png,01KG379AIL
plate519.png,07KG857AAU
plate520.png,08KG010ABO
plate521.png,01KG059AI
plate522.png,01KG523ALW
plate523.png,B8965AF
plate524.png,09KG880AC
plate525.png,08KG291AEM
plate526.png,01KG407AK
plate527.png,04KG583AGK
plate528.png,01KG785AHX
plate529.png,09KG078ABE
plate530.png,09KG078ABE
plate531.png,05KG115ABJ
plate532.png,01KG919AFW
plate533.png,08KG340ABR
plate534.png,06KG118AIB
plate535.png,04KG021AHD
plate536.png,B4452AN
plate537.png,01KG391AGC
plate538.png,08KG378AFR
plate539.png,09KG160ABG
plate540.png,08KG753AIV
plate541.png,S7014AA
plate542.png,19386K
plate543.png,01KG487AHY
plate544.png,08KG032AAE
plate545.png,01KG785AEK
plate546.png,05KG430ABV
plate547.png,08KG437AEV
plate548.png,05KG358ABW
plate549.png,09KG366ACN
plate550.png,08KG539ADX
plate551.png,08KG304AIZ
plate552.png,09KG670ADH
plate553.png,08KG934AEJ
plate554.png,01KG435ALX
plate555.png,01KG028ALD
plate556.png,08KG183AEE
plate557.png,08KG430ABV
plate558.png,08KG961ALK
plate559.png,06KG739AIU
plate560.png,01KG215AI
plate561.png,08KG700ABS
plate562.png,01KG384AGL
plate563.png,08KG920ACK
plate564.png,01KG245AIQ
plate565.png,08KG899AHX
plate566.png,08KG167AHF
plate567.png,B3223AL
plate568.png,01KG232ABZ
plate569.png,02KG121ABW
plate570.png,01KG997AJT
plate571.png,01KG494AAQ
plate572.png,05KG086ABN
plate573.png,O1KG059AI
plate574.png,08KG418AJW
plate575.png,03KG431ADB
plate576.png,05KG153ACB
plate577.png,S0001AH
plate578.png,B9898AE
plate579.png,04KG702AED
plate580.png,03KG439ADK
plate581.png,B3223AI
plate582.png,01KG411AFT
plate583.png,04KG716AHF
plate584.png,B3437AI
plate585.png,01KG012UVD
plate586.png,08KG528ALK
plate587.png,08KG095AGX
plate588.png,B7694AU
plate589.png,09KG913ADL
plate590.png,B1850AN
plate591.png,01KG404AFC
plate592.png,N8878B
plate593.png,D110030824
plate594.png,1038BD
plate595.png,01KG384AGL
plate596.png,01KG817MD
plate597.png,09KG009AAN
plate598.png,01KG083ANB
plate599.png,01KG300AL
plate600.png,B3500AS
plate601.png,HC49010425
plate602.png,08KG111ABB
plate603.png,B2425AK
plate604.png,B1122P
plate605.png,09KG405ADO
plate606.png,08KG703AJM
plate607.png,08KG010ACJ
plate608.png,S0663AZ
plate609.png,08KG992AKV
plate610.png,08KG067AGI
plate611.png,01KG917AJY
plate612.png,B1507N
plate613.png,09KG188ADT
plate614.png,01KG353AK
plate615.png,1509SS
plate616.png,01KG481AGM
plate617.png,N0707AA
plate618.png,08KG680AKZ
plate619.png,08KG188ALO
plate620.png,08KG317AKM
plate621.png,06KG428AGP
plate622.png,09KG119ABE
plate623.png,08KG756AHR
plate624.png,01KG821AGE
plate625.png,06KG173AHE
plate626.png,08KG057AKB
plate627.png,01KG266AGA
plate628.png,01KG823AKU
plate629.png,08KG839AFZ
plate630.png,01KG043ALM
plate631.png,08KG892AJB
plate632.png,08KG020ABF
plate633.png,B6628AC
plate634.png,7782BC
plate635.png,06KG794AIM
plate636.png,09KG438AC
plate637.png,04KG053ACH
plate638.png,04KG609AGB
plate639.png,01KG625ABR
plate640.png,08KG0117P
plate641.png,01KG265AJO
plate642.png,S4314AC
plate643.png,06KG501AAI
plate644.png,08KG484AAU
plate645.png,01KG0379Z
plate646.png,09KG396ADB
plate647.png,08KG015AZM
plate648.png,08KG829AFN
plate649.png,08KG327AJR
plate650.png,08KG792AAT
plate651.png,S7720V
plate652.png,01KG750ADG
plate653.png,01KG645AIH
plate654.png,01KG063III
plate655.png,01KG826AKH
plate656.png,05KG304ABR
plate657.png,B0963AD
plate658.png,01KG5585M
plate659.png,02KG782ADE
plate660.png,01KG788AJV
plate661.png,01KG489ANL
plate662.png,09KG846ACY
plate663.png,04KG466AAH
plate664.png,05KG061AID
plate665.png,E3200A
plate666.png,04KG059AEL
plate667.png,01KG077ACE
plate668.png,06KG223ACL
plate669.png,04KG993AGR
plate670.png,02KG264ADN
plate671.png,07KG921ABE
plate672.png,08KG708ACG
plate673.png,01KG173ALS
plate674.png,08KG184AJA
plate675.png,01KG190AAT
plate676.png,03KG099ABI
plate677.png,E3200A
plate678.png,04KG421AGZ
plate679.png,04KG186AHF
plate680.png,04KG559AFP
plate681.png,01KG164ALM
plate682.png,04KG760AGH
plate683.png,01KG848AFH
plate684.png,08KG839AJH
plate685.png,07KG515AAS
plate686.png,08KG206AFM
plate687.png,04KG331AGQ
plate688.png,2336SA
plate689.png,S3963AL
plate690.png,08KG233AKN
plate691.png,08KG789ABZ
plate692.png,07KG538ABZ
plate693.png,S1763AC
plate694.png,06KG866AIE
plate695.png,05KG621ABP
plate696.png,04KG063AGJ
plate697.png,08KG523AKM
plate698.png,02KG129ABI
plate699.png,06KG265AIR
plate700.png,08KG659AJT